{
    "src/addons/TG/Debug/addon.json": "1485f1503229f5a21099b7689854f139160e384b27f145194ce146aea4aaa9ff",
    "src/addons/TG/Debug/Listener.php": "93a62c887bea84a5f0079cad97ea6df4afa9f0485c9767cfdc68ec1076fb00c3",
    "src/addons/TG/Debug/Option/DevelopmentDefaultAddOn.php": "6cc517bf86a379877bed11460a47505bb7d7fcc27782b6381341910353e23717",
    "src/addons/TG/Debug/XF/Entity/User.php": "7c0e4cf67e96a0532629ef9edaa7bf9e34a468afe2c0890dbd4c6b474c3543f9",
    "src/addons/TG/Debug/_data/admin_navigation.xml": "426c2ed603baba4254519d8cc87b104d4d38720100ae05b4d7db065b5498f127",
    "src/addons/TG/Debug/_data/admin_permission.xml": "ec6fb97cebf0bceb24f1ed1d5778c1db54eeb7535fbb3e31d824840e7aa9ff87",
    "src/addons/TG/Debug/_data/advertising_positions.xml": "d2f7cbe844bb1df3cf878d22ff6306249245c8ff6b0b87b9b729744bec538261",
    "src/addons/TG/Debug/_data/bb_codes.xml": "faa4ddd5f4a365e5ac39aebdcbe2d25aedf74e7eb9ea4a812766e2fd5e13bdb1",
    "src/addons/TG/Debug/_data/bb_code_media_sites.xml": "29762987990187b33e43cfb68c08dc917b2d3f0176613d78f8e6c453f82da3f3",
    "src/addons/TG/Debug/_data/class_extensions.xml": "d956bef25698fd18f004a874d6a8e9899cfc75029d4e95884ba252ad1dd10d5c",
    "src/addons/TG/Debug/_data/code_events.xml": "8370dec3df47f91df4cf79da253446ad11b29f4ea568fe76c774e97a0379f0eb",
    "src/addons/TG/Debug/_data/code_event_listeners.xml": "06b533290d6363fe2b9704b64f6259993ca3a9a35c761b4a487222831796a326",
    "src/addons/TG/Debug/_data/content_type_fields.xml": "c7ad5472b28f465b7ac7617627707eba1b7a39d28089460d52e1ed292fc0b06a",
    "src/addons/TG/Debug/_data/cron.xml": "323c4284742ef24329cd6db6f288eb9736d2353f36852e1db12591e1583aea26",
    "src/addons/TG/Debug/_data/help_pages.xml": "a8a0c0b06cdc550438bc8a8d385af3e1e5ab3459877dfb934c1c31be59c89163",
    "src/addons/TG/Debug/_data/member_stats.xml": "89fb2b93ff1eca7a1f6f752248edf6090dfd24037db1446fd18ff7143f08124d",
    "src/addons/TG/Debug/_data/navigation.xml": "f75e1c03a45a360bbdfcd0567121665082315068475d5b0feb8b1acbb1688651",
    "src/addons/TG/Debug/_data/options.xml": "8cdbc60b904a59bbe3d698791ff8d6221877b1d0624c9e3add206b254cfffe4c",
    "src/addons/TG/Debug/_data/option_groups.xml": "facbd45b951a6aba7ed5af8b39aed2acca12180e8060bd4d96f73055b9031ebd",
    "src/addons/TG/Debug/_data/permissions.xml": "77eaea2d41af17960758568bb676501841f64f81a33a0982e66306fdf3724a83",
    "src/addons/TG/Debug/_data/permission_interface_groups.xml": "c581a85eeaa398ae94f93a794e0b8cf2ba5a4933e5a27dcfd2a677968a7df14c",
    "src/addons/TG/Debug/_data/phrases.xml": "ecb21dfd1d7ad0ce7355878dd994bbfe1a41915c6d696e842154c12a44f13f81",
    "src/addons/TG/Debug/_data/routes.xml": "550fa64f9feedf137dd877b38c2684f94474619d2d83890dbb717a91b50da8f5",
    "src/addons/TG/Debug/_data/style_properties.xml": "8b8690a8512f01f219dd2da76e3d0c5f62afc1f317b87794a7331c859c36a7a8",
    "src/addons/TG/Debug/_data/style_property_groups.xml": "68e1879cb3846c42d978487aa8d5145ff3335fc39e58016878824d5cf3fd684c",
    "src/addons/TG/Debug/_data/templates.xml": "95d4b078b90e74e773cef6695ef94c742e74b8d62e6798738f11f0215a58faee",
    "src/addons/TG/Debug/_data/template_modifications.xml": "3b54b7df00a6a4a18c5e012b6e2588e35c23aaa13a5fc227f08646a97590d778",
    "src/addons/TG/Debug/_data/widget_definitions.xml": "37e46965256430f24004c2e7f08ba08f9b0d1cbcc4d70e84b3f4e3ffb713e64b",
    "src/addons/TG/Debug/_data/widget_positions.xml": "a29cee66134f6bc5d75ed9df1eef21096c24401915c5b5c774389c3d7bb2d5b3"
}